<?xml version="1.0" encoding="UTF-8"?>
<project-private xmlns="http://www.netbeans.org/ns/project-private/1">
    <editor-bookmarks xmlns="http://www.netbeans.org/ns/editor-bookmarks/2" lastBookmarkId="0"/>
    <open-files xmlns="http://www.netbeans.org/ns/projectui-open-files/2">
        <group>
            <file>file:/C:/xampp/htdocs/sactorial/admin_panel/index5.php</file>
            <file>file:/C:/xampp/htdocs/sactorial/dbConnection.php</file>
            <file>file:/C:/xampp/htdocs/sactorial/admin_panel/index.html</file>
            <file>file:/C:/xampp/htdocs/sactorial/admin_panel/benefits.html</file>
            <file>file:/C:/xampp/htdocs/sactorial/admin_panel/index2.html</file>
            <file>file:/C:/xampp/htdocs/sactorial/admin_panel/README.md</file>
            <file>file:/C:/xampp/htdocs/sactorial/admin_panel/register.html</file>
            <file>file:/C:/xampp/htdocs/sactorial/admin_panel/update.php</file>
            <file>file:/C:/xampp/htdocs/sactorial/login.html</file>
        </group>
    </open-files>
</project-private>
